网站,品牌,产品名称,规格,原价货币,原价金额,人民币税前,人民币税后,解析雪茄支数,单支人民币税后,链接
Cigar VIU,Cohiba,Cohiba Wide Short Humidor 2025 Limited Edition,Box of 60,CHF,279.00,2287.80,3431.70,60,57.20,https://cigarviu.com/products/cohiba-wide-short-humidor-2025-limited-edition
Cigar VIU,Por Larrañaga,Por larrañaga Intemporales Edicion Regional Suiza,Box of 25,CHF,750.00,6150.00,9225.00,25,369.00,https://cigarviu.com/products/por-larranaga-intemporales-edicion-regional-suiza
Cigar VIU,Por Larrañaga,Por Larrañaga Petit Coronas,Box of 50,CHF,575.00,4715.00,7072.50,50,141.45,https://cigarviu.com/products/por-larranaga-petit-coronas-slb
Cigar VIU,Hoyo,Hoyo de Monterrey Epicure de Luxe LCDH,默认,CHF,255.00,2091.00,3136.50,,,https://cigarviu.com/products/hoyo-de-monterrey-epicure-de-luxe-lcdh
Cigar VIU,Cohiba,Cohiba Wide Short Humidor 2025,默认,CHF,265.00,2173.00,3259.50,,,https://cigarviu.com/products/cohiba-wide-short-humidor-2025
Cigar VIU,Quai d'Orsay,Quai d'Orsay Especial d'Orsay Gift Pack,Box of 20,CHF,960.00,7872.00,11808.00,20,590.40,https://cigarviu.com/products/quai-dorsay-especial-dorsay-gift-pack
Cigar VIU,Cohiba,Cohiba Siglo 2,Box of 5,CHF,203.00,1664.60,2496.90,5,499.38,https://cigarviu.com/products/cohiba-siglo-2-slb-25
Cigar VIU,Cohiba,Cohiba Siglo 2,Tubos / Box of 3,CHF,132.00,1082.40,1623.60,3,541.20,https://cigarviu.com/products/cohiba-siglo-2-slb-25
Cigar VIU,Cohiba,Cohiba Short Humidor Year of the Horse,默认,CHF,230.00,1886.00,2829.00,,,https://cigarviu.com/products/cohiba-short-humidor-year-of-the-horse
Cigar VIU,Trinidad,Trinidad Wide Short,Box of 6,CHF,22.20,182.04,273.06,6,45.51,https://cigarviu.com/products/trinidad-wide-short
Cigar VIU,Intertabak AG,Quintero Tubulares,Tubos / Box of 3,CHF,14.80,121.36,182.04,3,60.68,https://cigarviu.com/products/quintero-tubulares
Cigar VIU,Partagas,Partagas Serie D No. 4 A/T,Box of 3,CHF,88.20,723.24,1084.86,3,361.62,https://cigarviu.com/products/partagas-serie-d-no-4-a-t-3
Cigar VIU,Punch,Les Fines Lames Adjustable Punch Bracelet Oscuro Ring I,默认,CHF,98.00,803.60,1205.40,,,https://cigarviu.com/products/les-fines-lames-adjustable-punch-bracelet-oscuro-ring-i
Cigar VIU,Romeo y Julieta,Romeo Y Julieta Exhibicion No.4,Box of 25,CHF,542.50,4448.50,6672.75,25,266.91,https://cigarviu.com/products/romeo-exhibicion-no-4
Cigar VIU,Romeo y Julieta,Romeo Y Julieta Petit Royales,Box of 25,CHF,357.50,2931.50,4397.25,25,175.89,https://cigarviu.com/products/romeo-petit-royales
Cigar VIU,Romeo y Julieta,Romeo Y Julieta Petit Royales,A/T Box of 3,CHF,50.40,413.28,619.92,3,206.64,https://cigarviu.com/products/romeo-petit-royales
Cigar VIU,Cohiba,Cohiba Maduro 5 Magicos,Box of 10,CHF,862.00,7068.40,10602.60,10,1060.26,https://cigarviu.com/products/cohiba-maduro-magicos-5-bn
Cigar VIU,Ramon Allones,Ramon Allones Small Club Coronas,Box of 25,CHF,285.00,2337.00,3505.50,25,140.22,https://cigarviu.com/products/ramon-allones-small-club-coronas
Cigar VIU,Romeo y Julieta,Romeo Y Julieta Petit Julietas,Box of 25,CHF,217.50,1783.50,2675.25,25,107.01,https://cigarviu.com/products/romeo-y-julieta-petit-julietas-25
Cigar VIU,Rafael Gonzalez,Rafael Gonzalez Panetelas Extra,Box of 25,CHF,115.00,943.00,1414.50,25,56.58,https://cigarviu.com/products/rafael-gonzalez-panetelas-extra-25
Cigar VIU,Romeo y Julieta,Romeo Y Julieta Petit Churchill,Box of 25,CHF,497.50,4079.50,6119.25,25,244.77,https://cigarviu.com/products/romeo-y-julieta-petit-churchill
Cigar VIU,Romeo y Julieta,Romeo Y Julieta Petit Churchill,A/T Box of 3,CHF,70.20,575.64,863.46,3,287.82,https://cigarviu.com/products/romeo-y-julieta-petit-churchill
Cigar VIU,Partagas,Partagas Mille Fleurs,Box of 25,CHF,257.50,2111.50,3167.25,25,126.69,https://cigarviu.com/products/partagas-mille-fleurs-25
Cigar VIU,Partagas,Partagas Mille Fleurs,Box of 10,CHF,103.00,844.60,1266.90,10,126.69,https://cigarviu.com/products/partagas-mille-fleurs-25
Cigar VIU,Hoyo,Hoyo de Monterrey Epicure Especial,AT Box of 3,CHF,89.70,735.54,1103.31,3,367.77,https://cigarviu.com/products/hoyo-de-monterrey-epicure-especial-slb
Cigar VIU,Partagas,Partagas Aristocrats,Box of 25,CHF,225.00,1845.00,2767.50,25,110.70,https://cigarviu.com/products/partagas-aristocrats
Cigar VIU,Hoyo,Hoyo de Monterrey Le Hoyo de Rio Seco,Box of 10,CHF,294.00,2410.80,3616.20,10,361.62,https://cigarviu.com/products/le-hoyo-de-rio-seco-slb
Cigar VIU,Diplomaticos,Diplomaticos El Emisario Edicion Regional Suiza,Box of 10,CHF,380.00,3116.00,4674.00,10,467.40,https://cigarviu.com/products/diplomaticos-el-emisario
Cigar VIU,Hoyo,Hoyo de Monterrey Flor Extrafina Petit Robustos,Box of 25,CHF,505.00,4141.00,6211.50,25,248.46,https://cigarviu.com/products/hoyo-de-m-petit-robusto-3
Cigar VIU,Hoyo,Hoyo de Monterrey Flor Extrafina Petit Robustos,Box of 3,CHF,60.60,496.92,745.38,3,248.46,https://cigarviu.com/products/hoyo-de-m-petit-robusto-3
Cigar VIU,Cohiba,Cohiba Ambar,Box of 3 / Tubos,CHF,297.00,2435.40,3653.10,3,1217.70,https://cigarviu.com/products/cohiba-ambar
Cigar VIU,Hoyo,Hoyo de Monterrey Monterreyes No. 4 Limited Edition 2021,Box of 10,CHF,850.00,6970.00,10455.00,10,1045.50,https://cigarviu.com/products/hoyo-de-m-monterreyes-no-4-10
Cigar VIU,Rafael Gonzalez,Rafael Gonzalez Perlas,Box of 25,CHF,192.50,1578.50,2367.75,25,94.71,https://cigarviu.com/products/r-gonzalez-perlas-25
Cigar VIU,Punch,Punch Short de Punch,Box of 10,CHF,220.00,1804.00,2706.00,10,270.60,https://cigarviu.com/products/punch-short-de-punch-10
Cigar VIU,Punch,Punch 48,Box of 10,CHF,224.00,1836.80,2755.20,10,275.52,https://cigarviu.com/products/punch-48-10
Cigar VIU,Cohiba,Cohiba Medio Siglo,Tubos / Box of 3,CHF,221.70,1817.94,2726.91,3,908.97,https://cigarviu.com/products/cohiba-medio-siglo-slb-25
Cigar VIU,Cohiba,Cohiba Wide Short,默认,CHF,23.40,191.88,287.82,,,https://cigarviu.com/products/cohiba-wide-short-single-pieces
Cigar VIU,Punch,Siglo Punch Cutter Gun Metal,默认,CHF,39.00,319.80,479.70,,,https://cigarviu.com/products/punch-cutter-en-meta
Cigar VIU,Punch,Siglo Punch Cutter Silver,默认,CHF,39.00,319.80,479.70,,,https://cigarviu.com/products/punch-cutter-argent
Cigar VIU,Trinidad,Trinidad Short,默认,CHF,18.50,151.70,227.55,,,https://cigarviu.com/products/copy-of-trinidad-short-10x10
Cigar VIU,Partagas,Partagas Serie Puritos,默认,CHF,8.20,67.24,100.86,,,https://cigarviu.com/products/copy-of-partagas-serie-puritos-10x5
Cigar VIU,Partagas,Partagas Serie Mini,默认,CHF,15.40,126.28,189.42,,,https://cigarviu.com/products/copy-of-partagas-serie-mini-5x20
Cigar VIU,Partagas,Partagas Serie Club,默认,CHF,19.00,155.80,233.70,,,https://cigarviu.com/products/copy-of-partagas-serie-club-5x20
Cigar VIU,Partagas,Partagas Mini,默认,CHF,15.00,123.00,184.50,,,https://cigarviu.com/products/copy-of-partagas-mini-5x20
Cigar VIU,Partagas,Partagas Club,默认,CHF,18.50,151.70,227.55,,,https://cigarviu.com/products/copy-of-partagas-club-5x20
Cigar VIU,Romeo y Julieta,Romeo Y Julieta Club,默认,CHF,17.90,146.78,220.17,,,https://cigarviu.com/products/copy-of-romeo-y-julieta-club-5x20
Cigar VIU,Cohiba,Cohiba Short,默认,CHF,19.50,159.90,239.85,,,https://cigarviu.com/products/copy-of-cohiba-short-10x10
Cigar VIU,Cohiba,Cohiba Mini White,默认,CHF,20.80,170.56,255.84,,,https://cigarviu.com/products/copy-of-cohiba-mini-white-5x20
Cigar VIU,Cohiba,Cohiba Mini,默认,CHF,20.80,170.56,255.84,,,https://cigarviu.com/products/copy-of-cohiba-mini-5x20
Cigar VIU,Cohiba,Cohiba Club,默认,CHF,26.50,217.30,325.95,,,https://cigarviu.com/products/copy-of-cohiba-club-5x20
Cigar VIU,Cohiba,Cohiba Club White,默认,CHF,26.50,217.30,325.95,,,https://cigarviu.com/products/copy-of-cohiba-club-white-5x20
Cigar VIU,Cohiba,Cohiba Siglo 3,Box of 5,CHF,287.50,2357.50,3536.25,5,707.25,https://cigarviu.com/products/cohiba-siglo-3-5
Cigar VIU,Cohiba,Cohiba Siglo 3,Box of 3  AT,CHF,182.10,1493.22,2239.83,3,746.61,https://cigarviu.com/products/cohiba-siglo-3-5
Cigar VIU,Trinidad,Trinidad Topes,Box of 12,CHF,804.00,6592.80,9889.20,12,824.10,https://cigarviu.com/products/trinidad-topes-sbn-12
Cigar VIU,Trinidad,Trinidad Media Luna,Box of 12,CHF,562.80,4614.96,6922.44,12,576.87,https://cigarviu.com/products/trinidad-media-luna-sbn-12
Cigar VIU,Quintero,Quintero Brevas,Box of 25,CHF,95.00,779.00,1168.50,25,46.74,https://cigarviu.com/products/quintero-brevas-25
Cigar VIU,Partagas,Partagas Serie D No. 5,Box of 25,CHF,562.50,4612.50,6918.75,25,276.75,https://cigarviu.com/products/partagas-serie-d-no-5-25
Cigar VIU,Partagas,Partagas Serie D No. 5,Box of 3 A/T,CHF,77.70,637.14,955.71,3,318.57,https://cigarviu.com/products/partagas-serie-d-no-5-25
Cigar VIU,Hoyo,Hoyo de Monterrey Epicure No. 2,Box of 25,CHF,590.00,4838.00,7257.00,25,290.28,https://cigarviu.com/products/hoyo-de-m-epicure-no-2-slb-25
Cigar VIU,Cohiba,Cohiba Panetelas,Box of 25,CHF,810.00,6642.00,9963.00,25,398.52,https://cigarviu.com/products/cohiba-panetelas-bn-25
Cigar VIU,Cohiba,Cohiba Panetelas,Box of 5,CHF,162.00,1328.40,1992.60,5,398.52,https://cigarviu.com/products/cohiba-panetelas-bn-25
Cigar VIU,Cohiba,Cohiba Siglo 4,Box of 5,CHF,319.00,2615.80,3923.70,5,784.74,https://cigarviu.com/products/cohiba-siglo-4-5
Cigar VIU,Cohiba,Cohiba Siglo 4,Tubos / Box of 3,CHF,200.10,1640.82,2461.23,3,820.41,https://cigarviu.com/products/cohiba-siglo-4-5
Cigar VIU,Romeo y Julieta,Romeo Y Julieta No. 2,Tubos / Box of 25,CHF,302.50,2480.50,3720.75,25,148.83,https://cigarviu.com/products/romeo-no-2-a-t-10
Cigar VIU,Romeo y Julieta,Romeo Y Julieta No. 2,Tubos / Box of 10,CHF,121.00,992.20,1488.30,10,148.83,https://cigarviu.com/products/romeo-no-2-a-t-10
Cigar VIU,Romeo y Julieta,Romeo Y Julieta No. 2,Tubos / Box of 5,CHF,60.50,496.10,744.15,5,148.83,https://cigarviu.com/products/romeo-no-2-a-t-10
Cigar VIU,Romeo y Julieta,Romeo Y Julieta No. 2,Tubos / Box of 3,CHF,36.30,297.66,446.49,3,148.83,https://cigarviu.com/products/romeo-no-2-a-t-10
Cigar VIU,Partagas,Partagas Serie P No. 2,Box of 25,CHF,765.00,6273.00,9409.50,25,376.38,https://cigarviu.com/products/partagas-serie-p-no-2-sbn-10
Cigar VIU,Partagas,Partagas Serie P No. 2,Box of 10,CHF,306.00,2509.20,3763.80,10,376.38,https://cigarviu.com/products/partagas-serie-p-no-2-sbn-10
Cigar VIU,Partagas,Partagas Serie P No. 2,Tubos / Box of 3,CHF,100.20,821.64,1232.46,3,410.82,https://cigarviu.com/products/partagas-serie-p-no-2-sbn-10
Cigar VIU,Partagas,Partagas Serie D No. 4,Box of 25,CHF,652.50,5350.50,8025.75,25,321.03,https://cigarviu.com/products/partagas-serie-d-no-4-sbn-10
Cigar VIU,Trinidad,Trinidad Vigia,Box of 12,CHF,648.00,5313.60,7970.40,12,664.20,https://cigarviu.com/products/trinidad-vigia
Cigar VIU,Trinidad,Trinidad Vigia,Box of 3 A/T,CHF,172.80,1416.96,2125.44,3,708.48,https://cigarviu.com/products/trinidad-vigia
Cigar VIU,Trinidad,Trinidad Reyes,Box of 24,CHF,825.60,6769.92,10154.88,24,423.12,https://cigarviu.com/products/trinidad-reyes
Cigar VIU,Trinidad,Trinidad Reyes,Box of 12,CHF,412.80,3384.96,5077.44,12,423.12,https://cigarviu.com/products/trinidad-reyes
Cigar VIU,San Cristobal De La Habana,San Cristobal De La Habana El Principe,Box of 25,CHF,275.00,2255.00,3382.50,25,135.30,https://cigarviu.com/products/san-cristobal-el-principe
Cigar VIU,Romeo y Julieta,Romeo Y Julieta Mille Fleurs,Box of 25,CHF,257.50,2111.50,3167.25,25,126.69,https://cigarviu.com/products/romeo-y-julieta-mille-fleurs
Cigar VIU,Romeo y Julieta,Romeo Y Julieta Mille Fleurs,Box of 10,CHF,103.00,844.60,1266.90,10,126.69,https://cigarviu.com/products/romeo-y-julieta-mille-fleurs
Cigar VIU,Romeo y Julieta,Romeo Y Julieta Cazadores,Box of 25,CHF,430.00,3526.00,5289.00,25,211.56,https://cigarviu.com/products/romeo-y-julieta-cazadores
Cigar VIU,Romeo y Julieta,Romeo Y Julieta Belicosos,Box of 25,CHF,652.50,5350.50,8025.75,25,321.03,https://cigarviu.com/products/romeo-y-julieta-belicosos
Cigar VIU,Romeo y Julieta,Romeo Y Julieta No. 3,Tubos / Box of 25,CHF,277.50,2275.50,3413.25,25,136.53,https://cigarviu.com/products/romeo-no-3
Cigar VIU,Romeo y Julieta,Romeo Y Julieta No. 3,Tubos / Box of 10,CHF,111.00,910.20,1365.30,10,136.53,https://cigarviu.com/products/romeo-no-3
Cigar VIU,Romeo y Julieta,Romeo Y Julieta No. 3,Tubos / Box of 3,CHF,33.30,273.06,409.59,3,136.53,https://cigarviu.com/products/romeo-no-3
Cigar VIU,Romeo y Julieta,Romeo Y Julieta No. 1,Box of 25 / Tubos,CHF,382.50,3136.50,4704.75,25,188.19,https://cigarviu.com/products/romeo-no-1
Cigar VIU,Romeo y Julieta,Romeo Y Julieta No. 1,Box of 10 / Tubos,CHF,153.00,1254.60,1881.90,10,188.19,https://cigarviu.com/products/romeo-no-1
Cigar VIU,Romeo y Julieta,Romeo Y Julieta No. 1,Box of 3/ Tubos,CHF,45.90,376.38,564.57,3,188.19,https://cigarviu.com/products/romeo-no-1
Cigar VIU,Partagas,Partagas Serie D No. 6,Box of 20,CHF,350.00,2870.00,4305.00,20,215.25,https://cigarviu.com/products/partagas-serie-d-no-6
Cigar VIU,Partagas,Partagas Serie D No. 6,Box of 5,CHF,87.50,717.50,1076.25,5,215.25,https://cigarviu.com/products/partagas-serie-d-no-6
Cigar VIU,Cohiba,Cohiba Robustos,Box of 3,CHF,244.80,2007.36,3011.04,3,1003.68,https://cigarviu.com/products/cohiba-robustos
Cigar VIU,Cohiba,Cohiba Robustos,Tubos / Box of 3,CHF,257.10,2108.22,3162.33,3,1054.11,https://cigarviu.com/products/cohiba-robustos
Cigar VIU,Cohiba,Cohiba Siglo 1,Box of 5,CHF,174.50,1430.90,2146.35,5,429.27,https://cigarviu.com/products/cohiba-siglo-1
Cigar VIU,Punch,Faro Cigar Punch,Silver,CHF,29.00,237.80,356.70,,,https://cigarviu.com/products/punch
Cigar VIU,Punch,Faro Cigar Punch,Gold,CHF,29.00,237.80,356.70,,,https://cigarviu.com/products/punch
Cigar VIU,Punch,S.T. Dupont Punch Black Lacquer,默认,CHF,112.00,918.40,1377.60,,,https://cigarviu.com/products/s-t-dupont-punch-black-lacquer
Cigar VIU,Punch,S.T. Dupont Punch Blue,默认,CHF,126.00,1033.20,1549.80,,,https://cigarviu.com/products/s-t-dupont-puncher-fluo-blue
Cigar VIU,Punch,Les Fines Lames Punch Bracelet Verde Cobre Skull,默认,CHF,120.50,988.10,1482.15,,,https://cigarviu.com/products/les-fines-lames-punch-bracelet-verde-cobre-skull
Cigar VIU,Punch,Les Fines Lames Punch Bracelet Mercurio Ring II,默认,CHF,120.50,988.10,1482.15,,,https://cigarviu.com/products/les-fines-lames-punch-bracelet-mercurio-ring-ii
Cigar VIU,Punch,Les Fines Lames Punch Bracelet Azul Ring,默认,CHF,98.00,803.60,1205.40,,,https://cigarviu.com/products/les-fines-lames-punch-bracelet-azul-ring
Cigar VIU,Punch,Les Fines Lames Punch Bracelet Onyx Matte,默认,CHF,78.00,639.60,959.40,,,https://cigarviu.com/products/les-fines-lames-punch-bracelet-solo-gold-onyx-matte
Cigar VIU,Punch,PerfecPunch & Stand,默认,CHF,72.00,590.40,885.60,,,https://cigarviu.com/products/perfecpunch-stand
The Cigar Smoker (LCDH Hamburg),Partagas,Partagas lighter and cutter set,默认,EUR,150.00,1177.50,1766.25,,,https://www.thecigarsmoker.com/shop/Partagas-lighter-and-cutter-set-p642556319
The Cigar Smoker (LCDH Hamburg),Cohiba,Cohiba Panetelas,默认,EUR,155.00,1216.75,1825.12,,,https://www.thecigarsmoker.com/shop/Cohiba-Panetelas-pack-of-5-p303701476
The Cigar Smoker (LCDH Hamburg),Partagas,Partagas Classic Ashtray,默认,EUR,150.00,1177.50,1766.25,,,https://www.thecigarsmoker.com/shop/Partagas-Classic-Ashtray-p774664858
The Cigar Smoker (LCDH Hamburg),Romeo y Julieta,Romeo y Julieta Short Churchill Reserva - box of 3 cigars,默认,EUR,570.00,4474.50,6711.75,3,2237.25,https://www.thecigarsmoker.com/shop/Romeo-y-Julieta-Short-Churchill-Reserva-box-of-3-cigars-p830973439
The Cigar Smoker (LCDH Hamburg),Cohiba,S.T. Dupont Double Puncher Cohiba Behike 15th Anniversary Limited Edition,默认,EUR,250.00,1962.50,2943.75,,,https://www.thecigarsmoker.com/shop/S-T-Dupont-Double-Puncher-Cohiba-Behike-15th-Anniversary-Limited-Edition-p733014653
The Cigar Smoker (LCDH Hamburg),Trinidad,Trinidad Porcelain Jar  for up to 25 cigars -  EMPTY,默认,EUR,280.00,2198.00,3297.00,25,131.88,https://www.thecigarsmoker.com/shop/Trinidad-Porcelain-Jar-for-up-to-25-cigars-EMPTY-p689942805
The Cigar Smoker (LCDH Hamburg),Punch,Passatore Duo Cigar Punch,默认,EUR,54.00,423.90,635.85,,,https://www.thecigarsmoker.com/shop/Passatore-Duo-Cigar-Punch-7mm-and-10mm-p286783678
The Cigar Smoker (LCDH Hamburg),H. Upmann,H. Upmann lighter and cutter set,默认,EUR,150.00,1177.50,1766.25,,,https://www.thecigarsmoker.com/shop/H-Upmann-lighter-and-cutter-set-p642536110
The Cigar Smoker (LCDH Hamburg),cigar,H.Upmann Porcelain Jar  for up to 25 cigars -  EMPTY,默认,EUR,280.00,2198.00,3297.00,25,131.88,https://www.thecigarsmoker.com/shop/H-Upmann-Porcelain-Jar-for-up-to-25-cigars-EMPTY-p596666119
The Cigar Smoker (LCDH Hamburg),Cohiba,Cohiba Porcelain Jar  for up to 25 cigars -  EMPTY,默认,EUR,280.00,2198.00,3297.00,25,131.88,https://www.thecigarsmoker.com/shop/Cohiba-Porcelain-Jar-for-up-to-25-cigars-EMPTY-p689937063
The Cigar Smoker (LCDH Hamburg),Cohiba,Cohiba Behike Porcelain Jar  for up to 25 cigars -  EMPTY,默认,EUR,280.00,2198.00,3297.00,25,131.88,https://www.thecigarsmoker.com/shop/Cohiba-Behike-Porcelain-Jar-for-up-to-25-cigars-EMPTY-p596660633
The Cigar Smoker (LCDH Hamburg),Cohiba,"Cohiba Ashtray ""Circus""",默认,EUR,980.00,7693.00,11539.50,,,https://www.thecigarsmoker.com/shop/Cohiba-Ashtray-Circus-p832374004
The Cigar Smoker (LCDH Hamburg),Cohiba,S.T. Dupont Cigar Cutter Cohiba 60th Anniversary Perfect Cut,默认,EUR,245.00,1923.25,2884.88,,,https://www.thecigarsmoker.com/shop/S-T-Dupont-Cigar-Cutter-Cohiba-60th-Anniversary-Perfect-Cut-p842357652
The Cigar Smoker (LCDH Hamburg),Partagas,Partagas Ashtray - 2022 version,默认,EUR,80.00,628.00,942.00,,,https://www.thecigarsmoker.com/shop/Partagas-Ashtray-2022-version-p462318819
The Cigar Smoker (LCDH Hamburg),Romeo y Julieta,Romeo y Julieta Porcelain Jar  for up to 25 cigars -  EMPTY,默认,EUR,280.00,2198.00,3297.00,25,131.88,https://www.thecigarsmoker.com/shop/Romeo-y-Julieta-Porcelain-Jar-for-up-to-25-cigars-EMPTY-p611035546
The Cigar Smoker (LCDH Hamburg),Hoyo,Hoyo de Monterrey lighter and cutter set,默认,EUR,150.00,1177.50,1766.25,,,https://www.thecigarsmoker.com/shop/Hoyo-de-Monterrey-lighter-and-cutter-set-p642556322
The Cigar Smoker (LCDH Hamburg),Partagas,PartagasSerie lighter and cutter set - LCDH Hamburg,默认,EUR,190.00,1491.50,2237.25,,,https://www.thecigarsmoker.com/shop/Partagas-Serie-lighter-and-cutter-set-p362788288
The Cigar Smoker (LCDH Hamburg),Hoyo,Hoyo de Monterrey Porcelain Jar  for up to 25 cigars -  EMPTY,默认,EUR,280.00,2198.00,3297.00,25,131.88,https://www.thecigarsmoker.com/shop/Hoyo-de-Monterrey-Porcelain-Jar-for-up-to-25-cigars-EMPTY-p596662387
The Cigar Smoker (LCDH Hamburg),Partagas,Partagas Porcelain Jar  for up to 25 cigars -  EMPTY,默认,EUR,280.00,2198.00,3297.00,25,131.88,https://www.thecigarsmoker.com/shop/Partagas-Porcelain-Jar-for-up-to-25-cigars-EMPTY-p611039291
The Cigar Smoker (LCDH Hamburg),Romeo y Julieta,S.T. Dupont Ashtray Romeo y Julieta,默认,EUR,445.00,3493.25,5239.88,,,https://www.thecigarsmoker.com/shop/S-T-Dupont-Ashtray-Romeo-y-Julieta-p786108772
Siglo Mundo,Punch,Short de Punch + Mantis Cutter COMBO,Box of 10,CHF,202.10,1657.22,2485.83,10,248.58,https://siglomundo.ch/products/short-de-punch-mantis-cutter-combo
Siglo Mundo,BF,Panetelas Extra,Box of 25,CHF,115.00,943.00,1414.50,25,56.58,https://siglomundo.ch/products/rafael-gonzalez-panetelas-extra
Siglo Mundo,BF,Panetelas Extra,Single Cigar,CHF,4.60,37.72,56.58,,,https://siglomundo.ch/products/rafael-gonzalez-panetelas-extra
Siglo Mundo,BF,Brevas,Box of 25,CHF,95.00,779.00,1168.50,25,46.74,https://siglomundo.ch/products/quintero-brevas
Siglo Mundo,Partagas,Partagas Serie E No.2 + HdM Epicure Especial,Pack of 3 AT / Pack of 3 AT,CHF,191.40,1569.48,2354.22,3,784.74,https://siglomundo.ch/products/partagas-serie-e-no-2-hdm-epicure-especial
Siglo Mundo,cuban,Londres Extra,Box of 25,CHF,105.00,861.00,1291.50,25,51.66,https://siglomundo.ch/products/quintero-londres-extra
Siglo Mundo,BF,Petit Royales,Box of 25,CHF,357.50,2931.50,4397.25,25,175.89,https://siglomundo.ch/products/romeo-y-julieta-petit-royales
Siglo Mundo,BF,Petit Royales,Pack of 3 AT,CHF,48.90,400.98,601.47,3,200.49,https://siglomundo.ch/products/romeo-y-julieta-petit-royales
Siglo Mundo,BF,Petit Royales,Single Cigar,CHF,13.90,113.98,170.97,,,https://siglomundo.ch/products/romeo-y-julieta-petit-royales
Siglo Mundo,BF,Petit Royales,Single Cigar  AT,CHF,16.30,133.66,200.49,,,https://siglomundo.ch/products/romeo-y-julieta-petit-royales
Siglo Mundo,Cohiba,Ambar,Pack of 3 A/T,CHF,297.00,2435.40,3653.10,3,1217.70,https://siglomundo.ch/products/ambar
Siglo Mundo,cuban,Vistosos Travel Humidor,Single Cigar,CHF,260.00,2132.00,3198.00,,,https://siglomundo.ch/products/vistosos-travel-humidor
Siglo Mundo,cuban,Intemporales RE Suiza,Box of 25,CHF,750.00,6150.00,9225.00,25,369.00,https://siglomundo.ch/products/intemporales-re-suiza
Siglo Mundo,cuban,Intemporales RE Suiza,Single Cigar,CHF,30.00,246.00,369.00,,,https://siglomundo.ch/products/intemporales-re-suiza
Siglo Mundo,cuban,MADURO 5 MÁGICOS,Single Cigar,CHF,86.20,706.84,1060.26,,,https://siglomundo.ch/products/cohiba-maduro-5-magicos
Siglo Mundo,QualityControl,BASTIONES RE PAISES BAJOS,single cigar,CHF,29.00,237.80,356.70,,,https://siglomundo.ch/products/bastiones-re-paises-bajos
Siglo Mundo,cuban,Noellas Jar RE ITALY,single cigar,CHF,100.00,820.00,1230.00,,,https://siglomundo.ch/products/copy-of-colleccion-vintage-no-5-jar
Siglo Mundo,cigarillos,Short Humidor - Year of the Horse,Box of 88,CHF,230.00,1886.00,2829.00,88,32.15,https://siglomundo.ch/products/short-humidor-year-of-the-horse
Siglo Mundo,BF,Wide Short,Pack of 6,CHF,22.00,180.40,270.60,6,45.10,https://siglomundo.ch/products/wide-short-1
Siglo Mundo,cigarillos,CLUB Limited Edition,Pack of 60,CHF,82.00,672.40,1008.60,60,16.81,https://siglomundo.ch/products/club-limited-edition
Siglo Mundo,cuban,Cedros,single cigar,CHF,64.00,524.80,787.20,,,https://siglomundo.ch/products/cedros
Siglo Mundo,Punch,SparkCut Duo Punch Cutter,默认,CHF,67.44,553.01,829.52,,,https://siglomundo.ch/products/sparkcut-duo-punch-cutter
Siglo Mundo,cigarillos,CLUB Metal Box,Pack of 20,CHF,17.50,143.50,215.25,20,10.76,https://siglomundo.ch/products/club-metal-box-1
Siglo Mundo,cigarillos,CLUB Metal Box Limited Edition,Pack of 20,CHF,17.50,143.50,215.25,20,10.76,https://siglomundo.ch/products/club-metal-box-limited-edition
Siglo Mundo,Punch,Happy Torch Cigar Lighter Rubber Black with Cigar Punch,默认,CHF,6.68,54.78,82.17,,,https://siglomundo.ch/products/happy-torch-cigar-lighter-rubber-black-with-cigar-punch
Siglo Mundo,Punch,Cigar Punch,默认,CHF,15.44,126.61,189.92,,,https://siglomundo.ch/products/cigar-punch-silver-satin-with-2-blades
Siglo Mundo,Romeo y Julieta,Leather cigar case Romeo y Julieta 3 cigars,默认,CHF,104.00,852.80,1279.20,3,426.40,https://siglomundo.ch/products/leather-cigar-case-romeo-y-julieta-3-cigars
Siglo Mundo,Romeo y Julieta,Leather cigar case Romeo y Julieta,默认,CHF,96.00,787.20,1180.80,,,https://siglomundo.ch/products/leather-cigar-case-romeo-y-julieta
Siglo Mundo,H. Upmann,Leather cigar case H. UPMANN,默认,CHF,90.40,741.28,1111.92,,,https://siglomundo.ch/products/leather-cigar-case-h-upmann
Siglo Mundo,Hoyo,Leather cigar case HOYO DE MONTERREY,默认,CHF,104.00,852.80,1279.20,,,https://siglomundo.ch/products/leather-cigar-case-hoyo-de-monterrey
Siglo Mundo,Cohiba,Leather cigar case COHIBA,默认,CHF,96.00,787.20,1180.80,,,https://siglomundo.ch/products/leather-cigar-case-cohiba-copia
Siglo Mundo,Cohiba,Leather woven print cigar case COHIBA,默认,CHF,104.00,852.80,1279.20,,,https://siglomundo.ch/products/leather-cigar-case-cohiba
Siglo Mundo,Trinidad,Leather cigar case TRINIDAD,默认,CHF,90.40,741.28,1111.92,,,https://siglomundo.ch/products/leather-cigar-case-for-2-caribbean-cigars
Siglo Mundo,Punch,Firebird Punch Cutter,Red,CHF,16.00,131.20,196.80,,,https://siglomundo.ch/products/firebird-punch-cutter
Siglo Mundo,Punch,Firebird Punch Cutter,Black,CHF,16.00,131.20,196.80,,,https://siglomundo.ch/products/firebird-punch-cutter
Siglo Mundo,Punch,Firebird Punch Cutter,Blue,CHF,16.00,131.20,196.80,,,https://siglomundo.ch/products/firebird-punch-cutter
Siglo Mundo,Punch,Firebird Punch Cutter,Silver Matt,CHF,16.00,131.20,196.80,,,https://siglomundo.ch/products/firebird-punch-cutter
Siglo Mundo,Romeo y Julieta,Romeo y Julieta Ashtray,默认,CHF,108.00,885.60,1328.40,,,https://siglomundo.ch/products/romeo-y-julieta-ashtray
Siglo Mundo,Partagas,Partagas Ashtray,默认,CHF,116.00,951.20,1426.80,,,https://siglomundo.ch/products/partagas-ashtray
Siglo Mundo,Punch,Cigar Punch QUASAR,Red,CHF,44.24,362.77,544.16,,,https://siglomundo.ch/products/cigar-punch-quasar
Siglo Mundo,Punch,Cigar Punch QUASAR,Black,CHF,44.24,362.77,544.16,,,https://siglomundo.ch/products/cigar-punch-quasar
Siglo Mundo,Punch,Cigar Punch QUASAR,Charcoal,CHF,44.24,362.77,544.16,,,https://siglomundo.ch/products/cigar-punch-quasar
Siglo Mundo,Punch,Cigar Punch QUASAR,Silver,CHF,44.24,362.77,544.16,,,https://siglomundo.ch/products/cigar-punch-quasar
Siglo Mundo,cigarillos,MINI,Pack of 20,CHF,13.90,113.98,170.97,20,8.55,https://siglomundo.ch/products/romeo-mini
Siglo Mundo,cigarillos,CLUB,Pack of 20,CHF,26.00,213.20,319.80,20,15.99,https://siglomundo.ch/products/cohiba-club
Siglo Mundo,cigarillos,Mini,Pack of 20,CHF,20.40,167.28,250.92,20,12.55,https://siglomundo.ch/products/cohiba-mini
Siglo Mundo,cigarillos,MINI WHITE,Pack of 20,CHF,20.40,167.28,250.92,20,12.55,https://siglomundo.ch/products/mini
Siglo Mundo,cigarillos,CLUB WHITE,Pack of 20,CHF,25.50,209.10,313.65,20,15.68,https://siglomundo.ch/products/cohiba-club-white
Siglo Mundo,cigarillos,Short Humidor - Year of the Dragon,Box of 88,CHF,218.80,1794.16,2691.24,88,30.58,https://siglomundo.ch/products/short-humidor-year-of-the-dragon-1
Siglo Mundo,cuban,Cabildos LE 2024,Single Cigar,CHF,108.00,885.60,1328.40,,,https://siglomundo.ch/products/cabildos-le-2024
Siglo Mundo,BF,El Emisario RE SVIZZERA,Box of 10,CHF,380.00,3116.00,4674.00,10,467.40,https://siglomundo.ch/products/el-emisario
Siglo Mundo,BF,El Emisario RE SVIZZERA,Single Cigar,CHF,38.00,311.60,467.40,,,https://siglomundo.ch/products/el-emisario
Siglo Mundo,cigars,Short Humidor Year of the Dragon,Humidor of 66,CHF,165.00,1353.00,2029.50,,,https://siglomundo.ch/products/short-humidor-year-of-the-dragon
Siglo Mundo,BF,Short,Pack of 10,CHF,18.10,148.42,222.63,10,22.26,https://siglomundo.ch/products/trinidad-short
Siglo Mundo,cuban,55 Anniversario LE 2021,Single Cigar,CHF,315.00,2583.00,3874.50,,,https://siglomundo.ch/products/copy-of-behike-56
Siglo Mundo,BF,PETIT ROBUSTOS,SLB of 25,CHF,505.00,4141.00,6211.50,,,https://siglomundo.ch/products/hoyo-de-monterrey-petit-robustos
Siglo Mundo,BF,PETIT ROBUSTOS,Single Cigar,CHF,19.60,160.72,241.08,,,https://siglomundo.ch/products/hoyo-de-monterrey-petit-robustos
Siglo Mundo,BF,Petit Churchills,Pack of 3 AT,CHF,70.20,575.64,863.46,3,287.82,https://siglomundo.ch/products/romeo-y-julieta-petit-churcills
Siglo Mundo,cuban,La Trova LCDH EDT,Single Cigar,CHF,86.00,705.20,1057.80,,,https://siglomundo.ch/products/trinidad-la-trova
Siglo Mundo,BF,PETIT CORONAS,SLB of 50,CHF,575.00,4715.00,7072.50,,,https://siglomundo.ch/products/por-larranaga-petit-coronas
Siglo Mundo,BF,Mañanitas,Single Cigar,CHF,7.00,57.40,86.10,,,https://siglomundo.ch/products/vegueros-mananitas
Siglo Mundo,BF,Vigia,Pack of 3 AT,CHF,172.80,1416.96,2125.44,3,708.48,https://siglomundo.ch/products/trinidad-vigia
Siglo Mundo,BF,Vigia,Single Cigar,CHF,54.00,442.80,664.20,,,https://siglomundo.ch/products/trinidad-vigia
Siglo Mundo,BF,Topes,Box of 12,CHF,804.00,6592.80,9889.20,12,824.10,https://siglomundo.ch/products/trinidad-topes
Siglo Mundo,BF,Topes,Single Cigar,CHF,67.00,549.40,824.10,,,https://siglomundo.ch/products/trinidad-topes
Siglo Mundo,BF,Reyes,Single Cigar,CHF,34.40,282.08,423.12,,,https://siglomundo.ch/products/trinidad-reyes
Siglo Mundo,BF,Media Luna,Single Cigar,CHF,46.90,384.58,576.87,,,https://siglomundo.ch/products/trinidad-media-luna
Siglo Mundo,cuban,Esmeralda,Single Cigar,CHF,67.90,556.78,835.17,,,https://siglomundo.ch/products/trinidad-esmeralda
Siglo Mundo,cuban,Coloniales,Single Cigar,CHF,49.70,407.54,611.31,,,https://siglomundo.ch/products/trinidad-coloniales
Siglo Mundo,BF,Linea de oro Nobles,Single Cigar,CHF,59.60,488.72,733.08,,,https://siglomundo.ch/products/romeo-y-julieta-nobles
Siglo Mundo,BF,Linea de oro Dianas,Single Cigar,CHF,63.30,519.06,778.59,,,https://siglomundo.ch/products/romeo-y-julieta-dianas
Siglo Mundo,BF,Short Churchills,Single Cigar,CHF,25.50,209.10,313.65,,,https://siglomundo.ch/products/romeo-y-julieta-short-churchills
Siglo Mundo,BF,Short Churchills,Single Cigar AT,CHF,29.40,241.08,361.62,,,https://siglomundo.ch/products/romeo-y-julieta-short-churchills
Siglo Mundo,BF,Regalias de Londres,Box of 25,CHF,220.00,1804.00,2706.00,25,108.24,https://siglomundo.ch/products/romeo-y-julieta-regalis-de-londres
Siglo Mundo,BF,Regalias de Londres,Single Cigar,CHF,8.50,69.70,104.55,,,https://siglomundo.ch/products/romeo-y-julieta-regalis-de-londres
Siglo Mundo,BF,Petit Julietas,Box of 25,CHF,210.00,1722.00,2583.00,25,103.32,https://siglomundo.ch/products/romeo-y-julieta-petit-julietas
Siglo Mundo,BF,Romeo No. 3,Single Cigar AT,CHF,11.10,91.02,136.53,,,https://siglomundo.ch/products/romeo-y-julieta-romeo-no-3
Siglo Mundo,BF,Romeo No. 2,Single Cigar AT,CHF,12.10,99.22,148.83,,,https://siglomundo.ch/products/romeo-y-julieta-romeo-no-2
Siglo Mundo,BF,Mille Fleurs,Box of 10,CHF,103.00,844.60,1266.90,10,126.69,https://siglomundo.ch/products/romeo-y-julieta-mille-fleurs
Siglo Mundo,cuban,Cedros de Luxe No. 2 - Vintage cigars,Single Cigar,CHF,19.00,155.80,233.70,,,https://siglomundo.ch/products/romeo-y-julieta-cedros-de-luxe-no-2
Siglo Mundo,cuban,ESPECIAL D'ORSAY,Single cigar,CHF,48.00,393.60,590.40,,,https://siglomundo.ch/products/quai-dorsay-especial-dorsay
Siglo Mundo,BF,MADURO 5 SECRETOS,Single Cigar,CHF,40.60,332.92,499.38,,,https://siglomundo.ch/products/cohiba-maduro-5-secretos
Siglo Mundo,cuban,MADURO 5 GENIOS,Single Cigar,CHF,104.00,852.80,1279.20,,,https://siglomundo.ch/products/cohiba-maduro-5-genios
Siglo Mundo,BF,ROBUSTOS,Pack of 3 AT,CHF,252.00,2066.40,3099.60,3,1033.20,https://siglomundo.ch/products/cohiba-robustos
Siglo Mundo,BF,ROBUSTOS,Single Cigar,CHF,81.60,669.12,1003.68,,,https://siglomundo.ch/products/cohiba-robustos
Siglo Mundo,BF,PANETELAS,Box of 25,CHF,810.00,6642.00,9963.00,25,398.52,https://siglomundo.ch/products/cohiba-panetelas
Siglo Mundo,BF,PANETELAS,Pack of 5,CHF,162.00,1328.40,1992.60,5,398.52,https://siglomundo.ch/products/cohiba-panetelas
Siglo Mundo,BF,MEDIO SIGLO,Pack of 3 AT,CHF,217.20,1781.04,2671.56,3,890.52,https://siglomundo.ch/products/cohiba-medio-siglo
Siglo Mundo,BF,MEDIO SIGLO,Single Cigar,CHF,68.80,564.16,846.24,,,https://siglomundo.ch/products/cohiba-medio-siglo
Siglo Mundo,BF,EXQUISITOS,Cardbox of 5,CHF,196.50,1611.30,2416.95,,,https://siglomundo.ch/products/cohiba-exquisitos
Siglo Mundo,BF,EXQUISITOS,Single Cigar,CHF,39.30,322.26,483.39,,,https://siglomundo.ch/products/cohiba-exquisitos
Siglo Mundo,cuban,ESPLENDIDOS,Pack of 3,CHF,396.00,3247.20,4870.80,3,1623.60,https://siglomundo.ch/products/cohiba-esplendidos
Siglo Mundo,cuban,Siglo VI,Single Cigar,CHF,108.90,892.98,1339.47,,,https://siglomundo.ch/products/cohiba-siglo-vi
Siglo Mundo,cuban,Siglo IV,Pack of 5,CHF,319.00,2615.80,3923.70,5,784.74,https://siglomundo.ch/products/cohiba-siglo-lv
Siglo Mundo,cuban,Siglo IV,Pack of 3 AT,CHF,196.20,1608.84,2413.26,3,804.42,https://siglomundo.ch/products/cohiba-siglo-lv
Siglo Mundo,cuban,Siglo IV,Single Cigar,CHF,63.80,523.16,784.74,,,https://siglomundo.ch/products/cohiba-siglo-lv
Siglo Mundo,cuban,Siglo IV,Single Cigar AT,CHF,65.40,536.28,804.42,,,https://siglomundo.ch/products/cohiba-siglo-lv
Siglo Mundo,BF,Siglo III,Pack of 5,CHF,281.50,2308.30,3462.45,5,692.49,https://siglomundo.ch/products/cohiba-siglo-ill
Siglo Mundo,BF,Siglo III,Pack of 3 AT,CHF,178.50,1463.70,2195.55,3,731.85,https://siglomundo.ch/products/cohiba-siglo-ill
Siglo Mundo,BF,Siglo III,Single Cigar,CHF,56.30,461.66,692.49,,,https://siglomundo.ch/products/cohiba-siglo-ill
Siglo Mundo,BF,Siglo II,Pack of 5,CHF,203.00,1664.60,2496.90,5,499.38,https://siglomundo.ch/products/cohiba-siglo-ll
Siglo Mundo,BF,Siglo II,Single Cigar,CHF,40.60,332.92,499.38,,,https://siglomundo.ch/products/cohiba-siglo-ll
Siglo Mundo,BF,Siglo II,Single Cigar AT,CHF,44.00,360.80,541.20,,,https://siglomundo.ch/products/cohiba-siglo-ll
Siglo Mundo,BF,Siglo  I,Pack of 5,CHF,174.50,1430.90,2146.35,5,429.27,https://siglomundo.ch/products/cohiba-siglo-i
Siglo Mundo,BF,Siglo  I,Pack of 3 AT,CHF,114.00,934.80,1402.20,3,467.40,https://siglomundo.ch/products/cohiba-siglo-i
Siglo Mundo,BF,Siglo  I,Single Cigar,CHF,34.90,286.18,429.27,,,https://siglomundo.ch/products/cohiba-siglo-i
Siglo Mundo,BF,Siglo  I,Single Cigar AT,CHF,38.00,311.60,467.40,,,https://siglomundo.ch/products/cohiba-siglo-i
